Listing ID,Bedrooms,Bathrooms,Lot Size,House Size,Property Type,Price,Country
l_161332434,2 Beds,2 Baths,0.014 ac Lot Size,,Residential,"99,389.777195 ",Colombia
l_161332702,3 Beds,4 Baths,0.018 ac Lot Size,,Residential,"95,023.817990 ",Colombia
l_146641017,3 Beds,2 Baths,,"('947.22 Sqft', ' sqft')",Residential,"53,932.437237 ",Colombia
l_158294431,3 Beds,2 Baths,,"('1,856.77 Sqft', ' sqft')",Residential,"97,592.029287 ",Colombia
l_158295829,3 Beds,2 Baths,,"('1,248.61 Sqft', ' sqft')",Residential,"77,046.338911 ",Colombia
l_129786801,3 Beds,3 Baths,,"('1,345.49 Sqft', ' sqft')",Residential,"71,909.916317 ",Colombia
l_158294896,3 Beds,3 Baths,,"('1,462.17 Sqft', ' sqft')",Residential,"115,569.508366 ",Colombia
l_129787157,3 Beds,2 Baths,,"('968.75 Sqft', ' sqft')",Residential,"56,500.648534 ",Colombia
l_144307367,4 Beds,2 Baths,,"('2,109.73 Sqft', ' sqft')",Residential,"187,479.424682 ",Colombia
l_157295290,3 Beds,2 Baths,,"('1,092.54 Sqft', ' sqft')",Residential,"148,956.255227 ",Colombia
l_158297821,3 Beds,3 Baths,,"('1,367.02 Sqft', ' sqft')",Residential,"73,194.021965 ",Colombia
l_145059040,3 Beds,3 Baths,,"('1,087.15 Sqft', ' sqft')",Residential,"154,092.677821 ",Colombia
l_145058508,3 Beds,4 Baths,,"('1,732.99 Sqft', ' sqft')",Residential,"256,821.129702 ",Colombia
l_145558509,3 Beds,5 Baths,,"('4,736.12 Sqft', ' sqft')",Residential,"1,142,854.027174 ",Colombia
l_158286546,2 Beds,2 Baths,,"('738.62 Sqft', ' sqft')",Residential,"127,896.922592 ",Colombia
l_144308245,3 Beds,2 Baths,,"('592.02 Sqft', ' sqft')",Residential,"102,728.451881 ",Colombia
l_157293377,3 Beds,4 Baths,,"('1,614.59 Sqft', ' sqft')",Residential,0.000000 ,Colombia
l_158294408,2 Beds,3 Baths,,"('1,011.81 Sqft', ' sqft')",Residential,"161,797.311712 ",Colombia
l_129787090,3 Beds,3 Baths,,"('775 Sqft', ' sqft')",Residential,"115,569.508366 ",Colombia
l_158285743,4 Beds,4 Baths,,"('1,797.57 Sqft', ' sqft')",Residential,"243,980.073217 ",Colombia
l_143561869,1 Bed,2 Baths,,"('673.17 Sqft', ' sqft')",Residential,"102,728.451881 ",Colombia
l_146455616,4 Beds,6 Baths,,"('2,798.62 Sqft', ' sqft')",Residential,"328,731.046019 ",Colombia
l_143557771,3 Beds,3 Baths,,"('1,636.11 Sqft', ' sqft')",Residential,"125,858.975381 ",Colombia
l_144305988,4 Beds,4 Baths,,"('3,153.83 Sqft', ' sqft')",Residential,"770,565.155395 ",Colombia
l_157295907,3 Beds,4 Baths,,"('1,937.5 Sqft', ' sqft')",Residential,"423,810.835467 ",Colombia
l_145488638,2 Beds,2 Baths,,"('1,001.04 Sqft', ' sqft')",Residential,"244,012.299208 ",Colombia
l_140475735,3 Beds,2 Baths,,"('1,151.74 Sqft', ' sqft')",Residential,"308,226.062158 ",Colombia
l_157297879,3 Beds,4 Baths,,"('1,593.06 Sqft', ' sqft')",Residential,"200,346.940403 ",Colombia
l_144979097,3 Beds,4 Baths,,"('3,498.27 Sqft', ' sqft')",Residential,"847,621.670934 ",Colombia
l_158293985,2 Beds,2 Baths,,"('1,119.45 Sqft', ' sqft')",Residential,"100,301.897727 ",Colombia
l_145412927,3 Beds,2 Baths,,"('914.93 Sqft', ' sqft')",Residential,"48,802.459842 ",Colombia
l_144308310,3 Beds,3 Baths,,"('1,216.32 Sqft', ' sqft')",Residential,"160,534.407374 ",Colombia
l_143498724,3 Beds,2 Baths,,"('1,259.38 Sqft', ' sqft')",Residential,"141,270.278489 ",Colombia
l_157297074,3 Beds,2 Baths,,"('799.11 Sqft', ' sqft')",Residential,"95,036.369165 ",Colombia
l_129787244,4 Beds,5 Baths,,"('5,059.04 Sqft', ' sqft')",Residential,"898,992.681294 ",Colombia
l_158294644,3 Beds,2 Baths,,"('990.28 Sqft', ' sqft')",Residential,"68,580.298830 ",Colombia
l_157297460,,,,"('387.5 Sqft', ' sqft')",Residential,"63,700.052846 ",Colombia
l_129787103,,,,"('10,763.91 Sqft', ' sqft')",Lots and Land,"513,710.103597 ",Colombia
l_157295491,15 Beds,16 Baths,,"('4,542.37 Sqft', ' sqft')",Residential,"328,774.466302 ",Colombia
l_145558565,3 Beds,1 Bath,,"('1,614.59 Sqft', ' sqft')",Residential,"308,235.353177 ",Colombia
l_145098467,3 Beds,4 Baths,,"('2,938.55 Sqft', ' sqft')",Residential,"664,247.186096 ",Colombia
l_129786804,3 Beds,3 Baths,,"('1,582.29 Sqft', ' sqft')",Residential,"136,137.280987 ",Colombia
l_144308392,3 Beds,2 Baths,,"('1,011.81 Sqft', ' sqft')",Residential,"179,803.956020 ",Colombia
l_129786789,,,0.21 ac Lot Size,"('10,602.45 Sqft', ' sqft')",Lots And Land,"215,764.747224 ",Colombia
l_157297294,2 Beds,2 Baths,,"('72.36 Sqft', ' sqft')",Residential,"161,823.560418 ",Colombia
l_144083024,3 Beds,5 Baths,,"('2,561.81 Sqft', ' sqft')",Residential,"357,039.284097 ",Colombia
l_141506465,4 Beds,4 Baths,,"('2,884.73 Sqft', ' sqft')",Residential,"462,353.029766 ",Colombia
l_144385113,3 Beds,3 Baths,,"('1,334.72 Sqft', ' sqft')",Residential,"179,803.956020 ",Colombia
l_158300575,3 Beds,2 Baths,,"('1,054.86 Sqft', ' sqft')",Residential,"97,607.861839 ",Colombia
l_157297874,3 Beds,2 Baths,,"('795.99 Sqft', ' sqft')",Residential,"96,323.547868 ",Colombia
l_129786807,4 Beds,,,"('8,471.2 Sqft', ' sqft')",Residential,"505,698.626306 ",Colombia
l_145098517,3 Beds,2 Baths,,"('1,108.68 Sqft', ' sqft')",Residential,"175,951.014105 ",Colombia
l_144308072,3 Beds,2 Baths,,"('2,120.49 Sqft', ' sqft')",Residential,"184,941.211906 ",Colombia
l_158296154,3 Beds,3 Baths,,"('1,689.93 Sqft', ' sqft')",Residential,"168,145.467512 ",Colombia
l_144538755,3 Beds,2 Baths,,"('1,044.1 Sqft', ' sqft')",Residential,"70,087.582057 ",Colombia
l_129787147,3 Beds,2 Baths,,"('1,288.22 Sqft', ' sqft')",Residential,"102,745.117726 ",Colombia
l_143617502,2 Beds,2 Baths,,"('1,216.32 Sqft', ' sqft')",Residential,"174,671.870135 ",Colombia
l_158294611,3 Beds,2 Baths,,"('1,022.57 Sqft', ' sqft')",Residential,"66,786.303287 ",Colombia
l_144308239,3 Beds,3 Baths,,"('1,108.68 Sqft', ' sqft')",Residential,"174,671.870135 ",Colombia
l_153559652,1 Bed,1 Bath,,"('452.08 Sqft', ' sqft')",Residential,"71,923.711232 ",Colombia
l_158294524,4 Beds,5 Baths,,"('3,821.19 Sqft', ' sqft')",Residential,"423,836.155474 ",Colombia
l_145098477,3 Beds,3 Baths,,"('1,937.5 Sqft', ' sqft')",Residential,"385,305.595885 ",Colombia
l_144382352,2 Beds,2 Baths,,"('1,140.97 Sqft', ' sqft')",Residential,"120,729.086711 ",Colombia
l_157297141,2 Beds,2 Baths,,"('742.71 Sqft', ' sqft')",Residential,"103,966.495197 ",Colombia
l_158295617,2 Beds,2 Baths,,"('760.79 Sqft', ' sqft')",Residential,"84,767.231095 ",Colombia
l_129787106,5 Beds,4 Baths,,"('3,875.01 Sqft', ' sqft')",Residential,"179,809.278080 ",Colombia
l_155015115,3 Beds,2 Baths,,"('947.22 Sqft', ' sqft')",Residential,"120,472.216314 ",Colombia
l_158287188,3 Beds,2 Baths,,"('1,054.86 Sqft', ' sqft')",Residential,"295,400.956845 ",Colombia
l_140836971,,,,"('21,581.64 Sqft', ' sqft')",Lots And Land,"53,942.783424 ",Colombia
l_144306379,4 Beds,5 Baths,,"('3,681.26 Sqft', ' sqft')",Residential,"894,117.047476 ",Colombia
l_158295170,3 Beds,3 Baths,,"('1,689.93 Sqft', ' sqft')",Residential,"159,259.646299 ",Colombia
l_129786813,3 Beds,3 Baths,,"('861.11 Sqft', ' sqft')",Residential,"79,629.823150 ",Colombia
l_144383362,3 Beds,3 Baths,,"('1,216.32 Sqft', ' sqft')",Residential,"145,902.385642 ",Colombia
l_129787133,2 Beds,1 Bath,,"('893.4 Sqft', ' sqft')",Residential,"41,099.263561 ",Colombia
l_143492128,3 Beds,3 Baths,,"('1,506.95 Sqft', ' sqft')",Residential,"218,339.837668 ",Colombia
l_158289885,3 Beds,4 Baths,,"('2,217.37 Sqft', ' sqft')",Residential,"328,792.467718 ",Colombia
l_158295146,3 Beds,3 Baths,,"('1,059.92 Sqft', ' sqft')",Residential,"110,313.725956 ",Colombia
l_144306753,3 Beds,3 Baths,,"('1,894.45 Sqft', ' sqft')",Residential,"590,798.965431 ",Colombia
l_144306731,3 Beds,4 Baths,,"('1,883.68 Sqft', ' sqft')",Residential,"423,834.040418 ",Colombia
l_129786805,4 Beds,5 Baths,,"('2,152.78 Sqft', ' sqft')",Residential,"161,827.542705 ",Colombia
l_129787216,1 Bed,2 Baths,,"('484.38 Sqft', ' sqft')",Residential,"107,121.908859 ",Colombia
l_158293398,3 Beds,2 Baths,,"('710.42 Sqft', ' sqft')",Residential,"71,923.352313 ",Colombia
l_158295135,1 Bed,2 Baths,,"('775 Sqft', ' sqft')",Residential,"102,747.646162 ",Colombia
l_139315473,,1 Bath,,"('409.03 Sqft', ' sqft')",Residential,"87,238.916450 ",Colombia
l_142927646,3 Beds,2 Baths,,"('1,550 Sqft', ' sqft')",Residential,"64,217.278851 ",Colombia
l_129787174,,,,"('17,728.16 Sqft', ' sqft')",Lots And Land,"616,485.876972 ",Colombia
l_158294217,3 Beds,4 Baths,,"('2,604.87 Sqft', ' sqft')",Residential,"295,399.482716 ",Colombia
l_133474258,3 Beds,2 Baths,,"('1,216.32 Sqft', ' sqft')",Residential,"134,856.285588 ",Colombia
l_158294592,3 Beds,3 Baths,,"('982.42 Sqft', ' sqft')",Residential,"115,591.101932 ",Colombia
l_145413072,2 Beds,2 Baths,,"('753.47 Sqft', ' sqft')",Residential,"141,278.013473 ",Colombia
l_129787234,,,,"('4,413,203.22 Sqft', ' sqft')",Farm and Ranch,"410,990.584648 ",Colombia
l_158288191,2 Beds,2 Baths,,"('807.29 Sqft', ' sqft')",Residential,"89,904.190392 ",Colombia
l_145783488,3 Beds,2 Baths,,"('1,205.56 Sqft', ' sqft')",Residential,"141,278.013473 ",Colombia
l_142878603,3 Beds,2 Baths,,"('925.7 Sqft', ' sqft')",Other,"246,594.350789 ",Colombia
l_157297854,3 Beds,2 Baths,,"('1,173.27 Sqft', ' sqft')",Residential,"113,536.149009 ",Colombia
l_129787187,7 Beds,7 Baths,,"('43,755.3 Sqft', ' sqft')",Residential,"192,651.836554 ",Colombia
l_132543471,4 Beds,5 Baths,,"('4,284.04 Sqft', ' sqft')",Residential,"1,284,231.455139 ",Colombia
l_140158955,3 Beds,2 Baths,,"('721.18 Sqft', ' sqft')",Residential,"66,780.035667 ",Colombia
l_144306728,3 Beds,2 Baths,,"('1,203.3 Sqft', ' sqft')",Residential,"161,765.903630 ",Colombia
l_144382806,3 Beds,3 Baths,,"('1,453.13 Sqft', ' sqft')",Residential,"154,107.774617 ",Colombia
l_153555893,2 Beds,1 Bath,,"('828.82 Sqft', ' sqft')",Residential,"92,464.664770 ",Colombia
l_146299881,4 Beds,3 Baths,,"('1,687.78 Sqft', ' sqft')",Residential,"224,997.350940 ",Colombia
l_145412911,2 Beds,2 Baths,,"('1,173.27 Sqft', ' sqft')",Residential,"148,970.848796 ",Colombia
l_158296751,3 Beds,2 Baths,,"('828.39 Sqft', ' sqft')",Residential,"87,327.738949 ",Colombia
l_129787102,,,,"('127,713.8 Sqft', ' sqft')",Lots And Land,"3,595,848.074388 ",Colombia
l_158295709,2 Beds,2 Baths,,"('753.47 Sqft', ' sqft')",Residential,"66,009.496794 ",Colombia
l_145558223,3 Beds,3 Baths,,"('1,614.59 Sqft', ' sqft')",Residential,"154,107.774617 ",Colombia
l_157294321,3 Beds,2 Baths,,"('1,315.13 Sqft', ' sqft')",Residential,"141,265.460065 ",Colombia
l_141661250,3 Beds,2 Baths,,"('968.75 Sqft', ' sqft')",Residential,"57,790.415481 ",Colombia
l_129787186,6 Beds,3 Baths,,"('1,506.95 Sqft', ' sqft')",Residential,"51,369.258206 ",Colombia
l_154299721,3 Beds,2 Baths,,"('807.29 Sqft', ' sqft')",Residential,"69,348.498577 ",Colombia
l_158286570,2 Beds,3 Baths,,"('968 Sqft', ' sqft')",Residential,"174,655.477899 ",Colombia
l_146688635,3 Beds,2 Baths,,"('1,270.14 Sqft', ' sqft')",Residential,"102,738.516411 ",Colombia
l_158294588,2 Beds,2 Baths,,"('559.72 Sqft', ' sqft')",Residential,"60,615.724683 ",Colombia
l_144307513,1 Bed,1 Bath,,"('796.53 Sqft', ' sqft')",Residential,"195,460.027472 ",Colombia
l_158294473,2 Beds,1 Bath,,"('624.31 Sqft', ' sqft')",Residential,"47,516.563840 ",Colombia
l_145548415,2 Beds,2 Baths,,"('818.06 Sqft', ' sqft')",Residential,"113,012.368052 ",Colombia
l_145603490,2 Beds,3 Baths,,"('1,119.45 Sqft', ' sqft')",Residential,"161,813.163347 ",Colombia
l_129787190,,,,"('10,623.98 Sqft', ' sqft')",Lots And Land,"152,823.543162 ",Colombia
l_145553594,3 Beds,2 Baths,,"('1,151.74 Sqft', ' sqft')",Residential,"164,381.626258 ",Colombia
l_131775891,3 Beds,2 Baths,,"('1,313.2 Sqft', ' sqft')",Residential,"84,763.972119 ",Colombia
l_140858720,3 Beds,2 Baths,,"('925.7 Sqft', ' sqft')",Residential,"226,037.258983 ",Colombia
l_143087859,4 Beds,4 Baths,,"('3,293.76 Sqft', ' sqft')",Residential,"141,273.286864 ",Colombia
l_145908767,3 Beds,2 Baths,,"('1,496.18 Sqft', ' sqft')",Residential,"127,145.958178 ",Colombia
l_157294180,3 Beds,4 Baths,,"('2,314.24 Sqft', ' sqft')",Residential,"462,348.938829 ",Colombia
l_145409435,3 Beds,4 Baths,,"('1,668.41 Sqft', ' sqft')",Residential,"377,584.966710 ",Colombia
l_140758737,5 Beds,3 Baths,,"('1,614.59 Sqft', ' sqft')",Residential,"82,195.366903 ",Colombia
l_131370431,3 Beds,4 Baths,,"('1,119.45 Sqft', ' sqft')",Residential,"89,901.182550 ",Colombia
l_157293738,3 Beds,3 Baths,,"('1,022.57 Sqft', ' sqft')",Residential,"71,920.946040 ",Colombia
l_139728449,2 Beds,1 Bath,,"('1,022.57 Sqft', ' sqft')",Residential,"61,646.525177 ",Colombia
l_145412956,3 Beds,3 Baths,,"('1,270.14 Sqft', ' sqft')",Residential,"166,959.339022 ",Colombia
l_158285325,3 Beds,3 Baths,,"('861.11 Sqft', ' sqft')",Residential,"159,253.523374 ",Colombia
l_158289675,3 Beds,4 Baths,,"('2,464.94 Sqft', ' sqft')",Residential,"328,781.467612 ",Colombia
l_129787109,3 Beds,3 Baths,,"('1,291.67 Sqft', ' sqft')",Residential,"141,273.286864 ",Colombia
l_158294863,1 Bed,1 Bath,,"('651.65 Sqft', ' sqft')",Residential,"69,352.340824 ",Colombia
l_144308100,3 Beds,2 Baths,,"('1,247.21 Sqft', ' sqft')",Residential,"165,692.502929 ",Colombia
l_144392894,3 Beds,3 Baths,,"('1,216.32 Sqft', ' sqft')",Residential,"59,077.919961 ",Colombia
l_129787092,3 Beds,3 Baths,,"('1,506.95 Sqft', ' sqft')",Residential,"71,920.946040 ",Colombia
l_141338660,,,,"('21,527.82 Sqft', ' sqft')",Lots And Land,"46,230.142161 ",Colombia
l_145057670,3 Beds,2 Baths,,"('979.52 Sqft', ' sqft')",Residential,"77,050.236934 ",Colombia
l_146000664,3 Beds,2 Baths,,"('1,012.99 Sqft', ' sqft')",Residential,"87,323.601859 ",Colombia
l_143525204,3 Beds,4 Baths,,"('2,066.67 Sqft', ' sqft')",Residential,"539,351.658541 ",Colombia
l_144539343,4 Beds,3 Baths,,"('1,119.45 Sqft', ' sqft')",Residential,"141,258.767713 ",Colombia
l_145052152,3 Beds,2 Baths,,"('1,915.98 Sqft', ' sqft')",Residential,"187,488.909874 ",Colombia
l_144306363,3 Beds,3 Baths,,"('968.75 Sqft', ' sqft')",Residential,"154,100.473869 ",Colombia
l_144306672,2 Beds,3 Baths,,"('1,011.81 Sqft', ' sqft')",Residential,"166,942.180025 ",Colombia
l_129787073,4 Beds,4 Baths,,"('401 Sqft', ' sqft')",Residential,"1,023,081.598591 ",Colombia
l_158293350,3 Beds,2 Baths,,"('1,293.07 Sqft', ' sqft')",Residential,"102,733.649246 ",Colombia
l_158289048,3 Beds,3 Baths,,"('925.7 Sqft', ' sqft')",Residential,"102,733.649246 ",Colombia
l_158285477,2 Beds,2 Baths,,"('548.96 Sqft', ' sqft')",Residential,"73,968.227457 ",Colombia
l_129787179,4 Beds,6 Baths,,"('2,475.7 Sqft', ' sqft')",Residential,"196,478.104183 ",Colombia
l_147394263,3 Beds,3 Baths,,"('1,054.86 Sqft', ' sqft')",Residential,"166,942.180025 ",Colombia
l_145052068,3 Beds,2 Baths,,"('1,184.03 Sqft', ' sqft')",Residential,"141,258.767713 ",Colombia
l_145909981,2 Beds,3 Baths,,"('818.06 Sqft', ' sqft')",Residential,"120,712.037864 ",Colombia
l_129786800,6 Beds,5 Baths,,"('2,798.62 Sqft', ' sqft')",Residential,"141,258.767713 ",Colombia
l_140758618,,,,"('1,851.31 Sqft', ' sqft')",Residential,"834,000 ",Colombia
l_157295833,1 Bed,2 Baths,,"('494.39 Sqft', ' sqft')",Residential,"76,279.734565 ",Colombia
l_146090963,3 Beds,2 Baths,,"('667.36 Sqft', ' sqft')",Residential,"41,108.266427 ",Colombia
l_157295496,2 Beds,2 Baths,,"('1,011.81 Sqft', ' sqft')",Residential,"141,309.665842 ",Colombia
l_145783469,3 Beds,2 Baths,,"('1,582.29 Sqft', ' sqft')",Residential,"95,062.866112 ",Colombia
l_129787240,1 Bed,2 Baths,,"('527.43 Sqft', ' sqft')",Residential,"79,647.266202 ",Colombia
l_129619652,4 Beds,3 Baths,,"('1,184.03 Sqft', ' sqft')",Residential,"102,770.666067 ",Colombia
l_158295131,3 Beds,3 Baths,,"('2,131.25 Sqft', ' sqft')",Residential,"238,941.798605 ",Colombia
l_139258800,,1 Bath,,"('365.97 Sqft', ' sqft')",Residential,"78,860.351212 ",Colombia
l_157297621,2 Beds,2 Baths,,"('676.3 Sqft', ' sqft')",Residential,"105,339.932718 ",Colombia
l_144307175,2 Beds,3 Baths,,"('947.22 Sqft', ' sqft')",Residential,"231,233.998650 ",Colombia
l_144968897,2 Beds,2 Baths,,"('559.72 Sqft', ' sqft')",Residential,"44,962.166404 ",Colombia
l_157296198,,1 Bath,,"('400.31 Sqft', ' sqft')",Residential,"61,662.399640 ",Colombia
l_157295279,3 Beds,2 Baths,,"('1,179.29 Sqft', ' sqft')",Residential,"168,286.965684 ",Colombia
l_129787083,2 Beds,3 Baths,,"('936.46 Sqft', ' sqft')",Residential,"82,216.532853 ",Colombia
l_145098457,3 Beds,3 Baths,,"('1,377.78 Sqft', ' sqft')",Residential,"179,848.665617 ",Colombia
l_145783280,3 Beds,2 Baths,,"('904.17 Sqft', ' sqft')",Residential,"84,785.799505 ",Colombia
l_129787226,5 Beds,7 Baths,,"('5,597.23 Sqft', ' sqft')",Residential,"719,394.662467 ",Colombia
l_158294070,3 Beds,2 Baths,,"('979.52 Sqft', ' sqft')",Residential,"85,299.652835 ",Colombia
l_129787123,6 Beds,4 Baths,,"('161,458.66 Sqft', ' sqft')",Farm And Agriculture,"282,619.331683 ",Colombia
l_129787230,,,,"('705,036.12 Sqft', ' sqft')",Lots And Land,"751,510.495613 ",Colombia
l_144555120,3 Beds,2 Baths,,"('1,151.74 Sqft', ' sqft')",Residential,"149,017.465797 ",Colombia
l_145546657,3 Beds,2 Baths,,"('1,012.99 Sqft', ' sqft')",Residential,"105,025.197554 ",Colombia
l_145783368,3 Beds,2 Baths,,"('785.77 Sqft', ' sqft')",Residential,"51,392.508909 ",Colombia
l_157295752,3 Beds,3 Baths,,"('1,205.56 Sqft', ' sqft')",Residential,"179,873.781182 ",Colombia
l_146735549,3 Beds,2 Baths,,"('1,743.75 Sqft', ' sqft')",Residential,"125,911.646827 ",Colombia
l_158295792,3 Beds,2 Baths,,"('1,011.81 Sqft', ' sqft')",Residential,"89,936.890591 ",Colombia
l_142381617,2 Beds,1 Bath,,"('796.52 Sqft', ' sqft')",Condominium,"150,000 ",Colombia
l_157293933,4 Beds,4 Baths,,"('2,109.73 Sqft', ' sqft')",Residential,"167,025.653955 ",Colombia
l_144967975,3 Beds,2 Baths,,"('861.11 Sqft', ' sqft')",Residential,"64,240.636136 ",Colombia
l_145783509,3 Beds,3 Baths,,"('1,114.06 Sqft', ' sqft')",Residential,"161,886.403064 ",Colombia
l_158289693,3 Beds,4 Baths,,"('2,066.67 Sqft', ' sqft')",Residential,"346,899.435137 ",Colombia
l_144558171,2 Beds,3 Baths,,"('1,065.63 Sqft', ' sqft')",Residential,"141,329.399500 ",Colombia
l_129786792,6 Beds,6 Baths,,"('4,520.84 Sqft', ' sqft')",Residential,"282,658.799000 ",Colombia
l_144389958,3 Beds,2 Baths,,"('1,184.03 Sqft', ' sqft')",Residential,"145,183.837668 ",Colombia
l_158295550,3 Beds,2 Baths,,"('925.7 Sqft', ' sqft')",Residential,"79,658.388809 ",Colombia
l_144083096,3 Beds,2 Baths,,"('1,248.61 Sqft', ' sqft')",Residential,"133,620.523164 ",Colombia
l_158286535,4 Beds,4 Baths,,"('2,260.42 Sqft', ' sqft')",Residential,"167,025.653955 ",Colombia
l_154077739,3 Beds,4 Baths,,"('1,453.13 Sqft', ' sqft')",Residential,"231,266.290091 ",Colombia
l_144388096,3 Beds,4 Baths,,"('2,045.14 Sqft', ' sqft')",Residential,"501,076.961864 ",Colombia
l_129787155,3 Beds,4 Baths,,"('1,765.28 Sqft', ' sqft')",Residential,"146,468.650391 ",Colombia
l_157294456,3 Beds,2 Baths,,"('1,698.55 Sqft', ' sqft')",Residential,"179,873.781182 ",Colombia
l_158297823,3 Beds,2 Baths,,"('645.83 Sqft', ' sqft')",Residential,"42,398.819850 ",Colombia
l_158287127,3 Beds,1 Bath,,"('495.14 Sqft', ' sqft')",Residential,"28,265.879900 ",Colombia
l_157294829,1 Bed,1 Bath,,"('329.91 Sqft', ' sqft')",Residential,"77,088.763364 ",Colombia
l_157295184,3 Beds,2 Baths,,"('1,133.55 Sqft', ' sqft')",Residential,"141,843.324589 ",Colombia
l_153968337,2 Beds,3 Baths,,"('1,033.34 Sqft', ' sqft')",Residential,"179,889.925266 ",Colombia
l_158293997,3 Beds,4 Baths,,"('2,088.2 Sqft', ' sqft')",Residential,"299,131.247156 ",Colombia
l_145602690,3 Beds,3 Baths,,"('2,281.95 Sqft', ' sqft')",Residential,"385,478.411284 ",Colombia
l_141836503,3 Beds,3 Baths,,"('1,862.16 Sqft', ' sqft')",Residential,"210,728.198168 ",Colombia
l_158295560,4 Beds,5 Baths,,"('3,659.73 Sqft', ' sqft')",Residential,"380,338.699133 ",Colombia
l_158286557,1 Bed,2 Baths,,"('451.87 Sqft', ' sqft')",Residential,"84,805.250482 ",Colombia
l_144308163,2 Beds,3 Baths,,"('968.75 Sqft', ' sqft')",Residential,"174,750.213115 ",Colombia
l_145489664,3 Beds,5 Baths,,"('3,595.15 Sqft', ' sqft')",Residential,"758,107.542191 ",Colombia
l_145098261,2 Beds,3 Baths,,"('725.38 Sqft', ' sqft')",Residential,"254,415.751447 ",Colombia
l_144305845,3 Beds,3 Baths,,"('1,463.89 Sqft', ' sqft')",Residential,"251,845.895372 ",Colombia
l_157294806,3 Beds,1 Bath,,"('656.6 Sqft', ' sqft')",Residential,"62,961.473843 ",Colombia
l_157293615,3 Beds,4 Baths,,"('1,399.31 Sqft', ' sqft')",Residential,"149,051.652363 ",Colombia
l_146089966,3 Beds,4 Baths,,"('1,926.74 Sqft', ' sqft')",Residential,"334,081.289779 ",Colombia
l_129787212,4 Beds,3 Baths,,"('1,162.5 Sqft', ' sqft')",Residential,"71,955.970106 ",Colombia
l_157293984,3 Beds,3 Baths,,"('1,248.61 Sqft', ' sqft')",Residential,"205,588.486018 ",Colombia
l_146299713,2 Beds,2 Baths,,"('616.56 Sqft', ' sqft')",Residential,"28,268.416827 ",Colombia
l_146000874,2 Beds,2 Baths,,"('886.95 Sqft', ' sqft')",Residential,"61,676.545805 ",Colombia
l_158298976,2 Beds,2 Baths,,"('731.95 Sqft', ' sqft')",Residential,"102,794.243009 ",Colombia
l_153968266,2 Beds,3 Baths,,"('947.22 Sqft', ' sqft')",Residential,"187,599.493491 ",Colombia
l_157297450,3 Beds,2 Baths,,"('1,105.13 Sqft', ' sqft')",Residential,"149,051.652363 ",Colombia
l_144968932,3 Beds,2 Baths,,"('1,216.32 Sqft', ' sqft')",Residential,"151,621.508438 ",Colombia
l_147394231,3 Beds,2 Baths,,"('1,582.29 Sqft', ' sqft')",Residential,"89,944.962633 ",Colombia
l_158294515,3 Beds,2 Baths,,"('688.89 Sqft', ' sqft')",Residential,"38,547.841128 ",Colombia
l_145057606,3 Beds,2 Baths,,"('1,815.33 Sqft', ' sqft')",Residential,"167,040.644890 ",Colombia
l_145347193,2 Beds,2 Baths,,"('796.53 Sqft', ' sqft')",Residential,"38,542.952617 ",Colombia
l_157296186,2 Beds,2 Baths,,"('909.55 Sqft', ' sqft')",Residential,"167,019.461342 ",Colombia
l_157293023,3 Beds,5 Baths,,"('1,967 Sqft', ' sqft')",Residential,"303,204.560591 ",Colombia
l_141838371,3 Beds,3 Baths,,"('1,657.64 Sqft', ' sqft')",Residential,"251,813.957101 ",Colombia
l_158293785,3 Beds,2 Baths,,"('796.53 Sqft', ' sqft')",Residential,"87,364.025933 ",Colombia
l_157295556,2 Beds,2 Baths,,"('619.79 Sqft', ' sqft')",Residential,"80,272.122651 ",Colombia
l_145601400,3 Beds,2 Baths,,"('1,894.45 Sqft', ' sqft')",Residential,"244,105.366577 ",Colombia
l_129787104,2 Beds,2 Baths,,"('1,399.31 Sqft', ' sqft')",Residential,"82,224.965584 ",Colombia
l_158296912,3 Beds,2 Baths,,"('654.55 Sqft', ' sqft')",Residential,"43,168.106932 ",Colombia
l_129787191,3 Beds,2 Baths,,"('1,022.57 Sqft', ' sqft')",Residential,"60,383.959101 ",Colombia
l_142432223,,,0.618 ac Lot Size,"('26,910 Sqft', ' sqft')",Farm And Agriculture,"120,000 ",Colombia
l_158293652,2 Beds,2 Baths,,"('676.19 Sqft', ' sqft')",Residential,"91,296.691865 ",Colombia
l_144308180,2 Beds,2 Baths,,"('871.88 Sqft', ' sqft')",Residential,"141,324.159597 ",Colombia
l_145051887,3 Beds,2 Baths,,"('1,284.89 Sqft', ' sqft')",Residential,"167,019.461342 ",Colombia
l_157293304,2 Beds,3 Baths,,"('1,583.05 Sqft', ' sqft')",Residential,"174,728.051866 ",Colombia
l_144391826,2 Beds,2 Baths,,"('1,232.47 Sqft', ' sqft')",Residential,"290,356.909718 ",Colombia
l_146311015,2 Beds,1 Bath,,"('559.72 Sqft', ' sqft')",Residential,"59,099.194013 ",Colombia
l_157296195,1 Bed,1 Bath,,"('538.2 Sqft', ' sqft')",Residential,"84,023.636706 ",Colombia
l_144308395,2 Beds,2 Baths,,"('1,162.5 Sqft', ' sqft')",Residential,"208,131.944134 ",Colombia
l_145488929,3 Beds,2 Baths,,"('1,041.95 Sqft', ' sqft')",Residential,"92,503.086282 ",Colombia
l_144306712,3 Beds,2 Baths,,"('1,119.45 Sqft', ' sqft')",Residential,"171,149.173406 ",Colombia
l_144551801,3 Beds,2 Baths,,"('1,184.03 Sqft', ' sqft')",Residential,"141,339.407680 ",Colombia
l_147394251,3 Beds,2 Baths,,"('1,689.93 Sqft', ' sqft')",Residential,"334,074.963607 ",Colombia
l_144306049,4 Beds,4 Baths,,"('2,303.48 Sqft', ' sqft')",Residential,"411,169.185977 ",Colombia
l_146707238,1 Bed,2 Baths,,"('705.04 Sqft', ' sqft')",Residential,"117,440.198745 ",Colombia
l_158294654,3 Beds,2 Baths,,"('796.53 Sqft', ' sqft')",Residential,"57,820.666778 ",Colombia
l_144306695,3 Beds,3 Baths,,"('1,194.79 Sqft', ' sqft')",Residential,"192,735.555927 ",Colombia
l_129786790,1 Bed,2 Baths,,"('462.85 Sqft', ' sqft')",Residential,"102,639.951115 ",Colombia
l_141661309,3 Beds,2 Baths,,"('968.75 Sqft', ' sqft')",Residential,"66,814.992721 ",Colombia
l_143514406,2 Beds,3 Baths,,"('1,259.38 Sqft', ' sqft')",Residential,"308,376.889483 ",Colombia
l_157295294,2 Beds,1 Bath,,"('942.27 Sqft', ' sqft')",Residential,"125,920.563206 ",Colombia
l_145909653,3 Beds,2 Baths,,"('1,259.38 Sqft', ' sqft')",Residential,"146,479.022504 ",Colombia
l_145412901,2 Beds,2 Baths,,"('683.51 Sqft', ' sqft')",Residential,"81,462.894972 ",Colombia
l_129786802,1 Bed,2 Baths,,"('462.85 Sqft', ' sqft')",Residential,"102,932.363076 ",Colombia
l_129787206,,,,"('10,763.91 Sqft', ' sqft')",Lots And Land,"59,105.570484 ",Colombia
l_129787189,3 Beds,4 Baths,,"('5,048.27 Sqft', ' sqft')",Residential,"221,003.437463 ",Colombia
l_144968942,3 Beds,4 Baths,,"('1,883.68 Sqft', ' sqft')",Residential,"346,924.000668 ",Colombia
l_129787139,2 Beds,3 Baths,,"('904.17 Sqft', ' sqft')",Residential,"203,176.683443 ",Colombia
l_145905678,3 Beds,4 Baths,,"('1,506.95 Sqft', ' sqft')",Residential,"192,735.555927 ",Colombia
l_129787135,,,,"('575,869.19 Sqft', ' sqft')",Lots And Land,"1,374,846.965612 ",Colombia
l_144306250,3 Beds,4 Baths,,"('1,593.06 Sqft', ' sqft')",Residential,"282,678.815359 ",Colombia
l_129786796,1 Bed,2 Baths,,"('484.38 Sqft', ' sqft')",Residential,"104,737.744526 ",Colombia
l_158286563,1 Bed,1 Bath,,"('344.45 Sqft', ' sqft')",Residential,"61,672.672850 ",Colombia
l_145545052,3 Beds,2 Baths,,"('1,679.17 Sqft', ' sqft')",Residential,"190,165.331511 ",Colombia
l_154077833,2 Beds,2 Baths,,"('904.17 Sqft', ' sqft')",Residential,"192,735.133288 ",Colombia
l_145412974,3 Beds,3 Baths,,"('1,237.85 Sqft', ' sqft')",Residential,"154,188.106631 ",Colombia
l_129787120,,,,"('10,763.91 Sqft', ' sqft')",Lots And Land,"46,256.431989 ",Colombia
l_145056628,3 Beds,2 Baths,,"('1,463.89 Sqft', ' sqft')",Residential,"179,886.124402 ",Colombia
l_140046164,4 Beds,3 Baths,,"('8,611.13 Sqft', ' sqft')",Residential,"411,168.284348 ",Colombia
l_158293800,2 Beds,2 Baths,,"('828.82 Sqft', ' sqft')",Residential,"64,245.044429 ",Colombia
l_145049339,3 Beds,2 Baths,,"('1,722.23 Sqft', ' sqft')",Residential,"187,595.529734 ",Colombia
l_129787115,,,,"('215,278.2 Sqft', ' sqft')",Lots And Land,"925,128.639784 ",Colombia
l_158295124,3 Beds,4 Baths,,"('4,289.85 Sqft', ' sqft')",Residential,"899,430.622012 ",Colombia
l_144968848,3 Beds,2 Baths,,"('1,517.71 Sqft', ' sqft')",Residential,"154,188.106631 ",Colombia
l_128823960,,,0.019 ac Lot Size,,Residential,"134,000 ",Colombia
l_141713272,3 Beds,4 Baths,,"('1,786.81 Sqft', ' sqft')",Residential,"411,168.284348 ",Colombia
l_143493083,3 Beds,2 Baths,,"('1,399.31 Sqft', ' sqft')",Residential,"159,327.710185 ",Colombia
l_143561892,2 Beds,3 Baths,,"('1,313.2 Sqft', ' sqft')",Residential,"282,164.235134 ",Colombia
l_144968887,3 Beds,2 Baths,,"('551.33 Sqft', ' sqft')",Residential,"41,116.828435 ",Colombia
l_158295603,3 Beds,5 Baths,,"('4,100.51 Sqft', ' sqft')",Residential,"462,564.319892 ",Colombia
l_144542098,2 Beds,2 Baths,,"('613.54 Sqft', ' sqft')",Residential,"53,965.837321 ",Colombia
l_145412788,2 Beds,3 Baths,,"('850.35 Sqft', ' sqft')",Residential,"120,780.683527 ",Colombia
l_144968920,3 Beds,3 Baths,,"('1,320.73 Sqft', ' sqft')",Residential,"98,262.281494 ",Colombia
l_157298036,,,,"('8,481.96 Sqft', ' sqft')",Residential,"38,546.384336 ",Colombia
l_146299939,,1 Bath,,"('430.56 Sqft', ' sqft')",Residential,"26,982.469035 ",Colombia
l_129787150,3 Beds,4 Baths,0.247 ac Lot Size,"('10,763.91 Sqft', ' sqft')",Residential,0.000000 ,Colombia
l_144968828,3 Beds,2 Baths,,"('548.96 Sqft', ' sqft')",Residential,"46,255.661204 ",Colombia
l_145474175,3 Beds,3 Baths,,"('1,560.77 Sqft', ' sqft')",Residential,"334,068.664249 ",Colombia
l_157297499,2 Beds,3 Baths,,"('76.5 Sqft', ' sqft')",Residential,"96,780.976912 ",Colombia
l_146308286,1 Bed,1 Bath,,"('322.92 Sqft', ' sqft')",Residential,"24,412.710080 ",Colombia
l_145598265,3 Beds,2 Baths,,"('1,001.04 Sqft', ' sqft')",Residential,"139,537.911298 ",Colombia
l_146304729,3 Beds,2 Baths,,"('957.99 Sqft', ' sqft')",Residential,"97,650.840319 ",Colombia
l_154028336,2 Beds,2 Baths,,"('785.77 Sqft', ' sqft')",Residential,"192,731.921682 ",Colombia
l_139258781,2 Beds,2 Baths,,"('914.93 Sqft', ' sqft')",Residential,"183,237.433268 ",Colombia
l_146299106,2 Beds,1 Bath,,"('620 Sqft', ' sqft')",Residential,"59,104.455983 ",Colombia
l_158285732,3 Beds,3 Baths,,"('1,119.45 Sqft', ' sqft')",Residential,"115,639.153009 ",Colombia
l_129787054,,,,"('69,965.42 Sqft', ' sqft')",Lots and Land,"501,102.996373 ",Colombia
l_141345351,1 Bed,1 Bath,,"('624.31 Sqft', ' sqft')",Residential,"68,098.612328 ",Colombia
l_158296793,3 Beds,3 Baths,,"('981.67 Sqft', ' sqft')",Residential,"115,639.153009 ",Colombia
l_154028265,3 Beds,4 Baths,,"('2,583.34 Sqft', ' sqft')",Residential,"591,044.559825 ",Colombia
l_144306754,4 Beds,3 Baths,,"('4,736.12 Sqft', ' sqft')",Residential,"411,161.432922 ",Colombia
l_129787156,5 Beds,5 Baths,,"('9,203.14 Sqft', ' sqft')",Residential,"578,195.765046 ",Colombia
l_154405074,3 Beds,1 Bath,,"('462.85 Sqft', ' sqft')",Residential,"29,552.227991 ",Colombia
l_130135665,3 Beds,3 Baths,,"('850.35 Sqft', ' sqft')",Residential,"83,517.166062 ",Colombia
l_132094687,3 Beds,2 Baths,,"('1,754.52 Sqft', ' sqft')",Residential,"141,336.742567 ",Colombia
l_129787068,2 Beds,3 Baths,,"('904.17 Sqft', ' sqft')",Residential,"282,064.452261 ",Colombia
l_129786812,3 Beds,4 Baths,,"('2,701.74 Sqft', ' sqft')",Residential,"334,068.664249 ",Colombia
l_146000647,2 Beds,2 Baths,,"('667.36 Sqft', ' sqft')",Residential,"43,686.834048 ",Colombia
l_144968872,3 Beds,2 Baths,,"('807.29 Sqft', ' sqft')",Residential,"41,117.020280 ",Colombia
l_158294456,3 Beds,3 Baths,,"('1,636.11 Sqft', ' sqft')",Residential,"97,652.923165 ",Colombia
l_158294649,3 Beds,2 Baths,,"('678.13 Sqft', ' sqft')",Residential,"68,614.027592 ",Colombia
l_158296145,3 Beds,2 Baths,,"('755.2 Sqft', ' sqft')",Residential,"83,518.947444 ",Colombia
l_144553305,3 Beds,2 Baths,,"('1,130.21 Sqft', ' sqft')",Residential,"96,368.016281 ",Colombia
l_145599797,1 Bed,1 Bath,,"('495.14 Sqft', ' sqft')",Residential,"97,652.923165 ",Colombia
l_144384083,3 Beds,4 Baths,,"('2,368.06 Sqft', ' sqft')",Residential,"539,660.891176 ",Colombia
l_144968864,3 Beds,2 Baths,,"('914.93 Sqft', ' sqft')",Residential,"46,256.647815 ",Colombia
l_129787166,3 Beds,3 Baths,,"('1,291.67 Sqft', ' sqft')",Residential,"179,886.963725 ",Colombia
l_158296781,3 Beds,2 Baths,,"('1,162.5 Sqft', ' sqft')",Residential,"74,524.599258 ",Colombia
l_157296376,3 Beds,4 Baths,,"('2,097.46 Sqft', ' sqft')",Residential,"398,064.152586 ",Colombia
l_158294509,3 Beds,2 Baths,,"('1,033.34 Sqft', ' sqft')",Residential,"89,943.481863 ",Colombia
l_158299890,3 Beds,5 Baths,,"('2,572.57 Sqft', ' sqft')",Residential,"149,049.198515 ",Colombia
l_129787140,,,,"('624,306.81 Sqft', ' sqft')",Lots And Land,"15,464,319 ",Colombia
l_155074000,3 Beds,2 Baths,,"('1,022.57 Sqft', ' sqft')",Residential,"177,317.149958 ",Colombia
l_129787146,3 Beds,3 Baths,,"('1,711.46 Sqft', ' sqft')",Residential,"89,943.481863 ",Colombia
l_144552476,3 Beds,2 Baths,,"('1,144.2 Sqft', ' sqft')",Residential,"83,518.947444 ",Colombia
l_129787095,3 Beds,3 Baths,0.1 ac Lot Size,"('2,583.34 Sqft', ' sqft')",Residential,"167,037.894888 ",Colombia
l_158294088,3 Beds,2 Baths,,"('926.56 Sqft', ' sqft')",Residential,"108,613.949828 ",Colombia
l_154405083,3 Beds,2 Baths,,"('581.25 Sqft', ' sqft')",Residential,"38,547.206513 ",Colombia
l_158295080,2 Beds,2 Baths,,"('957.99 Sqft', ' sqft')",Residential,"85,317.817081 ",Colombia
l_158294432,3 Beds,2 Baths,,"('654.55 Sqft', ' sqft')",Residential,"38,547.206513 ",Colombia
l_145488679,3 Beds,2 Baths,,"('1,248.61 Sqft', ' sqft')",Residential,"107,932.178235 ",Colombia
l_129787205,4 Beds,3 Baths,,"('43,055.64 Sqft', ' sqft')",Residential,"167,037.802696 ",Colombia
l_158294602,3 Beds,3 Baths,,"('1,214.28 Sqft', ' sqft')",Residential,"130,038.415436 ",Colombia
l_145544556,2 Beds,2 Baths,,"('1,162.5 Sqft', ' sqft')",Residential,"269,830.296663 ",Colombia
l_129787105,4 Beds,3 Baths,,"('1,682.51 Sqft', ' sqft')",Residential,"141,339.679204 ",Colombia
l_158294040,3 Beds,2 Baths,,"('905.78 Sqft', ' sqft')",Residential,"87,373.619872 ",Colombia
l_145412891,3 Beds,4 Baths,,"('2,163.55 Sqft', ' sqft')",Residential,"308,377.481900 ",Colombia
l_158297830,4 Beds,4 Baths,,"('1,969.8 Sqft', ' sqft')",Residential,"100,222.681618 ",Colombia
l_158287465,4 Beds,4 Baths,,"('2,572.57 Sqft', ' sqft')",Residential,"331,505.793043 ",Colombia
l_144393598,2 Beds,1 Bath,,"('726.46 Sqft', ' sqft')",Residential,"226,143.486727 ",Colombia
l_129787053,3 Beds,4 Baths,,"('3,229.17 Sqft', ' sqft')",Residential,"1,156,415.557127 ",Colombia
l_139258770,2 Beds,2 Baths,,"('936.46 Sqft', ' sqft')",Residential,"185,331.782847 ",Colombia
l_158286540,3 Beds,2 Baths,,"('1,011.05 Sqft', ' sqft')",Residential,"185,026.489140 ",Colombia
l_146303319,3 Beds,3 Baths,,"('1,140.97 Sqft', ' sqft')",Residential,"141,339.679204 ",Colombia
l_158285482,1 Bed,1 Bath,,"('357.25 Sqft', ' sqft')",Residential,"79,150.220354 ",Colombia
l_158296459,2 Beds,2 Baths,,"('1,096.84 Sqft', ' sqft')",Residential,"153,674.778480 ",Colombia
l_132543391,2 Beds,2 Baths,,"('1,377.78 Sqft', ' sqft')",Residential,"179,886.864442 ",Colombia
l_157294569,,,,"('2,078.3 Sqft', ' sqft')",Residential,"504,263.998028 ",Colombia
l_145602298,2 Beds,2 Baths,,"('1,027.95 Sqft', ' sqft')",Residential,"200,445.363235 ",Colombia
l_158294441,2 Beds,2 Baths,,"('1,065.63 Sqft', ' sqft')",Residential,"70,926.820837 ",Colombia
l_160945255,,,,"('322,917.31 Sqft', ' sqft')",Lots And Land,"1,156,415.557127 ",Colombia
l_154958178,2 Beds,2 Baths,,"('645.83 Sqft', ' sqft')",Residential,"84,803.807523 ",Colombia
l_103901792,6 Beds,4 Baths,,"('4,004.17 Sqft', ' sqft')",Residential,"256,981.234917 ",Colombia
l_157295849,,,,"('963.37 Sqft', ' sqft')",Residential,"231,283.111425 ",Colombia
l_145909005,3 Beds,2 Baths,,"('1,399.31 Sqft', ' sqft')",Residential,"159,328.365649 ",Colombia
l_147394261,2 Beds,2 Baths,,"('645.83 Sqft', ' sqft')",Residential,"43,173.080465 ",Colombia
l_154958134,2 Beds,2 Baths,,"('764.24 Sqft', ' sqft')",Residential,"56,536.176799 ",Colombia
l_158295454,3 Beds,4 Baths,,"('1,474.66 Sqft', ' sqft')",Residential,"179,887.835269 ",Colombia
l_147394230,3 Beds,2 Baths,,"('785.77 Sqft', ' sqft')",Residential,"38,547.393272 ",Colombia
l_146299927,2 Beds,3 Baths,,"('1,001.04 Sqft', ' sqft')",Residential,"167,038.704178 ",Colombia
l_147394274,3 Beds,2 Baths,,"('767.57 Sqft', ' sqft')",Residential,"56,536.176799 ",Colombia
l_129787176,3 Beds,3 Baths,,"('904.17 Sqft', ' sqft')",Residential,"82,234.438980 ",Colombia
l_144541061,3 Beds,3 Baths,,"('1,323.96 Sqft', ' sqft')",Residential,"100,938.919109 ",Colombia
l_129787184,2 Beds,1 Bath,,"('753.47 Sqft', ' sqft')",Residential,"58,592.037773 ",Colombia
l_146306652,3 Beds,3 Baths,,"('1,151.74 Sqft', ' sqft')",Residential,"141,340.441997 ",Colombia
l_144549480,2 Beds,2 Baths,,"('914.93 Sqft', ' sqft')",Residential,"128,491.310906 ",Colombia
l_142427962,3 Beds,3 Baths,,"('3,229.17 Sqft', ' sqft')",Residential,"192,736.966360 ",Colombia
l_158295069,1 Bed,1 Bath,,"('382.12 Sqft', ' sqft')",Residential,"74,524.960326 ",Colombia
l_158289658,4 Beds,3 Baths,,"('1,227.09 Sqft', ' sqft')",Residential,"161,899.051742 ",Colombia
l_158296927,3 Beds,2 Baths,,"('570.49 Sqft', ' sqft')",Residential,"29,553.001508 ",Colombia
l_158295099,2 Beds,2 Baths,,"('940.23 Sqft', ' sqft')",Residential,"108,001.829487 ",Colombia
l_158295304,3 Beds,2 Baths,,"('839.59 Sqft', ' sqft')",Residential,"71,955.134108 ",Colombia
l_158294437,1 Bed,2 Baths,,"('548.96 Sqft', ' sqft')",Residential,"59,106.003017 ",Colombia
l_129787113,6 Beds,5 Baths,,"('5,381.96 Sqft', ' sqft')",Residential,"246,703.316940 ",Colombia
l_139315465,,1 Bath,,"('333.68 Sqft', ' sqft')",Residential,"72,002.251689 ",Colombia
l_157294166,1 Bed,2 Baths,,"('774.03 Sqft', ' sqft')",Residential,"96,369.910340 ",Colombia
l_160311251,3 Beds,2 Baths,0.017 ac Lot Size,,Residential,"112,817.041705 ",Colombia
l_158778838,3 Beds,2 Baths,0.014 ac Lot Size,,Residential,"75,810.996135 ",Colombia
l_161180554,2 Beds,2 Baths,0.016 ac Lot Size,,Residential,"51,397.285515 ",Colombia
l_160944972,3 Beds,3 Baths,0.021 ac Lot Size,,Residential,"101,509.638892 ",Colombia
l_161041844,4 Beds,4 Baths,0.046 ac Lot Size,,Residential,"195,309.684957 ",Colombia
l_161244847,3 Beds,3 Baths,0.035 ac Lot Size,,Residential,"218,438.463438 ",Colombia
l_161041829,3 Beds,2 Baths,0.026 ac Lot Size,,Residential,"169,611.042199 ",Colombia
l_161244991,3 Beds,3 Baths,0.019 ac Lot Size,,Residential,"60,391.810480 ",Colombia
l_161244997,3 Beds,4 Baths,0.031 ac Lot Size,,Residential,"372,630.319983 ",Colombia
l_161244975,4 Beds,4 Baths,0.038 ac Lot Size,,Residential,"282,685.070332 ",Colombia
l_160944969,2 Beds,2 Baths,0.013 ac Lot Size,,Residential,"82,235.656824 ",Colombia
l_160944981,3 Beds,3 Baths,0.016 ac Lot Size,,Residential,"67,330.444025 ",Colombia
l_160944931,3 Beds,2 Baths,0.013 ac Lot Size,,Residential,"59,106.878342 ",Colombia
l_160871712,2 Beds,2 Baths,0.017 ac Lot Size,,Residential,"60,391.810480 ",Colombia
l_161180556,3 Beds,3 Baths,0.048 ac Lot Size,,Residential,"154,191.856545 ",Colombia
l_160945001,3 Beds,2 Baths,0.026 ac Lot Size,,Residential,"101,766.625320 ",Colombia
l_159241668,4 Beds,5 Baths,0.425 ac Lot Size,,Residential,"616,767.426179 ",Colombia
l_157382743,3 Beds,3 Baths,0.049 ac Lot Size,,Residential,"346,931.677226 ",Colombia
l_157382761,1 Bed,2 Baths,0.011 ac Lot Size,,Residential,"82,235.656824 ",Colombia
l_157127977,3 Beds,5 Baths,0.062 ac Lot Size,,Residential,"411,170.380288 ",Colombia
l_158265607,3 Beds,2 Baths,,,Residential,"60,390.649605 ",Colombia
l_158255432,3 Beds,4 Baths,0.064 ac Lot Size,,Residential,"149,049.262854 ",Colombia
l_158248156,5 Beds,8 Baths,1.297 ac Lot Size,,Residential,"462,566.677824 ",Colombia
l_158254943,3 Beds,1 Bath,0.014 ac Lot Size,,Residential,"42,401.945467 ",Colombia
l_158250948,3 Beds,2 Baths,0.017 ac Lot Size,,Residential,"82,234.076058 ",Colombia
l_157125925,2 Beds,2 Baths,0.025 ac Lot Size,,Residential,"115,641.669456 ",Colombia
l_160418177,3 Beds,2 Baths,0.013 ac Lot Size,,Residential,"76,837.464816 ",Colombia
l_157382903,3 Beds,2 Baths,0.025 ac Lot Size,,Residential,"152,903.985170 ",Colombia
l_157128129,5 Beds,5 Baths,0.507 ac Lot Size,,Residential,"334,075.933984 ",Colombia
l_157127966,4 Beds,5 Baths,0.06 ac Lot Size,,Residential,"424,019.454672 ",Colombia
l_160312308,2 Beds,2 Baths,0.014 ac Lot Size,,Residential,"61,675.557043 ",Colombia
l_158273671,3 Beds,2 Baths,0.022 ac Lot Size,,Residential,"161,898.337238 ",Colombia
l_157125572,3 Beds,3 Baths,0.042 ac Lot Size,,Residential,"218,434.264528 ",Colombia
l_157127752,2 Beds,3 Baths,0.024 ac Lot Size,,Residential,0.000000 ,Colombia
l_158248195,,,68.634 ac Lot Size,,Lots And Land,"26,983.056206 ",Colombia
l_158266112,2 Beds,2 Baths,0.012 ac Lot Size,,Residential,"42,401.945467 ",Colombia
l_157125595,3 Beds,3 Baths,0.058 ac Lot Size,,Residential,"334,075.933984 ",Colombia
l_158269006,4 Beds,4 Baths,0.03 ac Lot Size,,Residential,"123,351.114086 ",Colombia
l_158279760,2 Beds,3 Baths,0.021 ac Lot Size,,Residential,"190,166.300883 ",Colombia
l_157130713,3 Beds,2 Baths,0.021 ac Lot Size,,Residential,"73,239.723989 ",Colombia
l_157382750,6 Beds,5 Baths,0.046 ac Lot Size,,Residential,"229,998.431473 ",Colombia
l_157382742,3 Beds,3 Baths,0.717 ac Lot Size,,Lots And Land,"321,226.859600 ",Colombia
l_158272889,3 Beds,2 Baths,0.011 ac Lot Size,,Residential,"33,405.427971 ",Colombia
l_158265871,3 Beds,4 Baths,,,Residential,"616,715.593307 ",Colombia
l_157128010,3 Beds,3 Baths,0.028 ac Lot Size,,Residential,"143,900.305105 ",Colombia
l_157126964,2 Beds,1 Bath,0.01 ac Lot Size,,Residential,"41,114.372887 ",Colombia
l_158248576,3 Beds,4 Baths,0.042 ac Lot Size,,Residential,"218,420.105963 ",Colombia
l_157125600,2 Beds,2 Baths,0.018 ac Lot Size,,Residential,"89,937.690691 ",Colombia
l_157382932,3 Beds,3 Baths,0.021 ac Lot Size,,Residential,"115,634.173745 ",Colombia
l_157125854,4 Beds,6 Baths,0.093 ac Lot Size,,Residential,"822,287.457742 ",Colombia
l_158267037,4 Beds,3 Baths,0.07 ac Lot Size,,Residential,"269,813.072072 ",Colombia
l_157128146,3 Beds,3 Baths,0.022 ac Lot Size,,Residential,"88,652.866538 ",Colombia
l_157382613,3 Beds,3 Baths,0.048 ac Lot Size,,Residential,"274,952.368683 ",Colombia
l_157130755,2 Beds,1 Bath,0.014 ac Lot Size,,Residential,"38,544.724582 ",Colombia
l_158261511,,,1.977 ac Lot Size,,Commercial,"154,178.898327 ",Colombia
l_157382959,,,0.23 ac Lot Size,,Commercial,"475,384.936507 ",Colombia
l_160311648,3 Beds,1 Bath,0.014 ac Lot Size,,Residential,"71,950.152552 ",Colombia
l_157126422,4 Beds,3 Baths,0.044 ac Lot Size,,Residential,"228,698.699185 ",Colombia
l_158254064,2 Beds,2 Baths,,,Residential,"73,234.976705 ",Colombia
l_158268081,2 Beds,3 Baths,,,Residential,"45,739.739837 ",Colombia
l_158268864,5 Beds,2 Baths,0.059 ac Lot Size,,Residential,"152,886.191950 ",Colombia
l_158252376,2 Beds,2 Baths,,,Residential,"89,933.054088 ",Colombia
l_158252312,2 Beds,3 Baths,0.024 ac Lot Size,,Residential,"218,903.220489 ",Colombia
l_158251683,3 Beds,3 Baths,0.033 ac Lot Size,,Residential,"197,852.718994 ",Colombia
l_158265300,3 Beds,2 Baths,13.097 ac Lot Size,,Residential,"56,837.690184 ",Colombia
l_159897657,3 Beds,3 Baths,0.019 ac Lot Size,,Residential,"89,933.054088 ",Colombia
l_160871880,4 Beds,3 Baths,0.034 ac Lot Size,,Residential,"149,031.918203 ",Colombia
l_158252944,5 Beds,7 Baths,0.198 ac Lot Size,,Residential,"462,512.849596 ",Colombia
l_157127889,,,0.027 ac Lot Size,,Lots And Land,"15,417.094987 ",Colombia
l_158254958,3 Beds,2 Baths,0.011 ac Lot Size,,Residential,"107,919.664906 ",Colombia
l_157127982,3 Beds,4 Baths,0.042 ac Lot Size,,Residential,"251,812.551447 ",Colombia
l_157128347,,,8.275 ac Lot Size,,Lots And Land,"7,194,644.327051 ",Colombia
l_157128084,2 Beds,1 Bath,0.013 ac Lot Size,,Residential,"40,855.301714 ",Colombia
l_160312124,2 Beds,2 Baths,0.01 ac Lot Size,,Residential,"51,390.316622 ",Colombia
l_157127644,3 Beds,2 Baths,0.013 ac Lot Size,,Residential,"37,257.979551 ",Colombia
l_157125741,5 Beds,3 Baths,3.459 ac Lot Size,,Residential,"1,413,233.707099 ",Colombia
l_158246766,,,0.502 ac Lot Size,,Commercial,"37,257.979551 ",Colombia
l_158275634,,,0.049 ac Lot Size,,Lots And Land,"38,000 ",Colombia
l_158254285,1 Bed,,0.011 ac Lot Size,,Residential,"87,365.218778 ",Colombia
l_158284198,5 Beds,5 Baths,0.136 ac Lot Size,,Residential,"359,739.136145 ",Colombia
l_158274228,3 Beds,1 Bath,0.018 ac Lot Size,,Residential,"93,917.610186 ",Colombia
l_157128176,,,0.061 ac Lot Size,,Lots And Land,"8,993.478404 ",Colombia
l_158282964,8 Beds,5 Baths,0.038 ac Lot Size,,Residential,"128,478.262909 ",Colombia
l_157130748,2 Beds,1 Bath,0.01 ac Lot Size,,Residential,"27,494.348263 ",Colombia
l_158280456,3 Beds,2 Baths,0.016 ac Lot Size,,Residential,"105,429.262543 ",Colombia
l_157126076,3 Beds,2 Baths,0.015 ac Lot Size,,Residential,"42,397.826760 ",Colombia
l_155131087,4 Beds,2 Baths,10.378 ac Lot Size,"('452,084.23 Sqft', ' sqft')",Farm and Ranch,"174,730.437556 ",Colombia
l_157128228,2 Beds,2 Baths,0.022 ac Lot Size,,Residential,"52,676.087793 ",Colombia
l_157130549,3 Beds,2 Baths,0.013 ac Lot Size,,Residential,"89,934.784036 ",Colombia
l_160418406,3 Beds,3 Baths,0.012 ac Lot Size,,Residential,"89,934.784036 ",Colombia
l_158265976,3 Beds,5 Baths,,,Residential,"277,513.047883 ",Colombia
l_158265120,3 Beds,2 Baths,,,Residential,"97,643.479811 ",Colombia
l_158248560,3 Beds,2 Baths,0.019 ac Lot Size,,Residential,"136,186.958683 ",Colombia
l_160871706,3 Beds,4 Baths,0.031 ac Lot Size,,Residential,"177,300.002814 ",Colombia
l_157383810,4 Beds,3 Baths,0.028 ac Lot Size,,Residential,"79,656.523004 ",Colombia
l_157126692,4 Beds,7 Baths,0.222 ac Lot Size,,Residential,"243,337.829950 ",Colombia
l_158247131,3 Beds,4 Baths,0.024 ac Lot Size,,Residential,"111,776.088731 ",Colombia
l_158248551,2 Beds,2 Baths,0.018 ac Lot Size,,Residential,"149,034.784974 ",Colombia
l_158261426,,,128.495 ac Lot Size,,Commercial,"26,980,435.210875 ",Colombia
l_157131870,5 Beds,5 Baths,0.039 ac Lot Size,,Residential,"136,073.639312 ",Colombia
l_158258519,3 Beds,3 Baths,0.025 ac Lot Size,,Residential,"118,101.649215 ",Colombia
l_158265596,3 Beds,2 Baths,,,Residential,"159,180.483724 ",Colombia
l_158270514,2 Beds,1 Bath,0.012 ac Lot Size,,Residential,"50,064.829558 ",Colombia
l_158262038,3 Beds,3 Baths,0.024 ac Lot Size,,Residential,"164,186.966680 ",Colombia
l_157128441,1 Bed,1 Bath,0.008 ac Lot Size,,Residential,"61,618.251764 ",Colombia
l_157128259,2 Beds,1 Bath,0.009 ac Lot Size,,Residential,"30,809.125882 ",Colombia
l_158251389,2 Beds,2 Baths,0.014 ac Lot Size,,Residential,"75,739.101127 ",Colombia
l_158251278,2 Beds,2 Baths,0.02 ac Lot Size,,Residential,"84,725.096176 ",Colombia
l_160312070,4 Beds,3 Baths,0.043 ac Lot Size,,Residential,"207,961.599704 ",Colombia
l_158265093,4 Beds,5 Baths,,,Residential,"487,811.159799 ",Colombia
l_158271898,8 Beds,4 Baths,0.059 ac Lot Size,,Residential,"92,427.377646 ",Colombia
l_158248525,3 Beds,3 Baths,0.106 ac Lot Size,,Residential,"616,182.517641 ",Colombia
l_158260535,,,0.222 ac Lot Size,,Commercial,"46,213.688823 ",Colombia
l_158278042,3 Beds,2 Baths,0.021 ac Lot Size,,Residential,"109,115.654166 ",Colombia
l_157382836,3 Beds,3 Baths,0.032 ac Lot Size,,Residential,"174,585.046665 ",Colombia
l_158248880,3 Beds,3 Baths,0.159 ac Lot Size,,Residential,"115,534.222058 ",Colombia
l_157130752,3 Beds,2 Baths,0.015 ac Lot Size,,Residential,"34,403.523902 ",Colombia
l_158267758,3 Beds,2 Baths,0.014 ac Lot Size,,Residential,"35,430.494764 ",Colombia
l_160417996,3 Beds,2 Baths,0.016 ac Lot Size,,Residential,"74,455.387548 ",Colombia
l_157382637,,,1.546 ac Lot Size,,Lots And Land,"305,523.831664 ",Colombia
l_157125549,4 Beds,4 Baths,0.057 ac Lot Size,,Residential,"218,231.308331 ",Colombia
l_158272507,4 Beds,2 Baths,0.016 ac Lot Size,,Residential,"87,292.523332 ",Colombia
l_157131642,,,0.988 ac Lot Size,,Commercial,"410,788.345094 ",Colombia
l_158265796,3 Beds,2 Baths,,,Residential,"43,965.192465 ",Colombia
l_158248352,2 Beds,2 Baths,0.02 ac Lot Size,,Residential,"115,582.292615 ",Colombia
l_158263893,,,4.942 ac Lot Size,,Commercial,"2,568,495.391434 ",Colombia
l_158269779,5 Beds,3 Baths,0.012 ac Lot Size,,Residential,"47,440.109880 ",Colombia
l_158265043,3 Beds,3 Baths,,,Residential,"282,534.493058 ",Colombia
l_158253664,3 Beds,3 Baths,0.032 ac Lot Size,,Residential,"321,061.923929 ",Colombia
l_157125791,4 Beds,3 Baths,0.036 ac Lot Size,,Residential,"71,917.870960 ",Colombia
l_157125557,3 Beds,2 Baths,0.027 ac Lot Size,,Residential,0.000000 ,Colombia
l_158256148,2 Beds,1 Bath,0.012 ac Lot Size,,Residential,"28,253.449306 ",Colombia
l_152770301,,,0.247 ac Lot Size,"('10,763.91 Sqft', ' sqft')",Lots and Land,"47,517.164742 ",Colombia
l_158277064,3 Beds,3 Baths,0.974 ac Lot Size,,Residential,"323,630.419321 ",Colombia
l_158270857,3 Beds,2 Baths,0.021 ac Lot Size,,Residential,"115,582.292615 ",Colombia
l_158273701,4 Beds,4 Baths,0.032 ac Lot Size,,Residential,"177,226.182009 ",Colombia
l_158278691,3 Beds,3 Baths,0.017 ac Lot Size,,Residential,"82,191.852526 ",Colombia
l_158266089,3 Beds,3 Baths,,,Residential,"269,692.016101 ",Colombia
l_157126628,,4 Baths,0.062 ac Lot Size,,Residential,"128,424.769572 ",Colombia
l_160872303,3 Beds,2 Baths,0.019 ac Lot Size,,Residential,"71,917.870960 ",Colombia
l_157125690,4 Beds,3 Baths,0.021 ac Lot Size,,Residential,"115,582.292615 ",Colombia
l_158265586,3 Beds,3 Baths,,,Residential,"408,390.767238 ",Colombia
l_157130726,5 Beds,6 Baths,0.704 ac Lot Size,,Residential,"976,028.248745 ",Colombia
l_158275332,,,0.049 ac Lot Size,,Lots And Land,"38,000 ",Colombia
l_157126098,2 Beds,3 Baths,0.015 ac Lot Size,,Residential,"64,223.321626 ",Colombia
l_157382814,2 Beds,2 Baths,0.013 ac Lot Size,,Residential,"82,205.851681 ",Colombia
l_158250317,3 Beds,2 Baths,0.036 ac Lot Size,,Residential,"154,135.971902 ",Colombia
l_158250179,3 Beds,2 Baths,0.015 ac Lot Size,,Residential,"42,901.178846 ",Colombia
l_158270283,4 Beds,4 Baths,0.064 ac Lot Size,,Residential,"223,497.159258 ",Colombia
l_158253424,3 Beds,2 Baths,,,Residential,"68,590.507497 ",Colombia
l_158265791,2 Beds,2 Baths,,,Residential,"134,868.975414 ",Colombia
l_159472918,4 Beds,6 Baths,1.384 ac Lot Size,,Residential,"899,126.502763 ",Colombia
l_157131063,3 Beds,4 Baths,0.029 ac Lot Size,,Residential,"184,963.166283 ",Colombia
l_160312069,1 Bed,1 Bath,0.008 ac Lot Size,,Residential,"55,232.056598 ",Colombia
l_158246194,3 Beds,5 Baths,0.058 ac Lot Size,,Residential,"256,893.286504 ",Colombia
l_158275399,,,0.049 ac Lot Size,,Lots And Land,"38,000 ",Colombia
l_158275655,,,0.049 ac Lot Size,,Lots And Land,"38,000 ",Colombia
l_158251563,3 Beds,4 Baths,0.149 ac Lot Size,,Residential,"64,223.321626 ",Colombia
l_158274956,,,0.741 ac Lot Size,,Commercial,"115,601.978927 ",Colombia
l_158273947,3 Beds,3 Baths,0.035 ac Lot Size,,Residential,"89,912.650276 ",Colombia
l_158270576,5 Beds,6 Baths,0.108 ac Lot Size,,Residential,"333,961.272455 ",Colombia
l_158246499,3 Beds,2 Baths,0.021 ac Lot Size,,Residential,"71,930.120221 ",Colombia
l_158275200,,2 Baths,0.01 ac Lot Size,,Residential,"82,205.851681 ",Colombia
l_158253138,3 Beds,4 Baths,0.052 ac Lot Size,,Residential,"200,376.763473 ",Colombia
l_158272592,3 Beds,3 Baths,0.1 ac Lot Size,,Residential,"192,669.964878 ",Colombia
l_157128321,6 Beds,4 Baths,0.041 ac Lot Size,,Residential,"89,919.463211 ",Colombia
l_158277702,3 Beds,4 Baths,0.034 ac Lot Size,,Residential,"179,838.926423 ",Colombia
l_157131289,3 Beds,2 Baths,0.021 ac Lot Size,,Residential,"77,073.825610 ",Colombia
l_158247157,,,0.179 ac Lot Size,,Commercial,"214,496.456672 ",Colombia
l_157128298,3 Beds,2 Baths,0.023 ac Lot Size,,Residential,"102,508.188061 ",Colombia
l_158274862,,,0.049 ac Lot Size,,Lots And Land,"38,000 ",Colombia
l_158250946,3 Beds,2 Baths,0.014 ac Lot Size,,Residential,"38,536.912805 ",Colombia
l_158256609,4 Beds,7 Baths,0.377 ac Lot Size,,Residential,"742,477.853375 ",Colombia
l_160312375,8 Beds,6 Baths,0.074 ac Lot Size,,Residential,"218,375.839228 ",Colombia
l_158277467,,,0.049 ac Lot Size,,Commercial,"179,838.926423 ",Colombia
l_158254575,5 Beds,7 Baths,0.022 ac Lot Size,,Residential,"105,334.228333 ",Colombia
l_158277140,5 Beds,2 Baths,12.355 ac Lot Size,,Residential,"385,369.128049 ",Colombia
l_157128496,1 Bed,1 Bath,0.007 ac Lot Size,,Residential,"21,837.583923 ",Colombia
l_158264684,3 Beds,3 Baths,0.027 ac Lot Size,,Residential,"166,993.288821 ",Colombia
l_158264999,5 Beds,4 Baths,1.251 ac Lot Size,,Residential,"655,127.517684 ",Colombia
l_158284064,3 Beds,5 Baths,0.049 ac Lot Size,,Residential,"192,684.564025 ",Colombia
l_157131715,3 Beds,2 Baths,0.021 ac Lot Size,,Residential,"87,350.335691 ",Colombia
l_157125587,4 Beds,2 Baths,0.247 ac Lot Size,,Lots And Land,"89,919.463211 ",Colombia
l_158247501,,,0.163 ac Lot Size,,Commercial,"42,390.604085 ",Colombia
l_158248179,3 Beds,3 Baths,0.03 ac Lot Size,,Residential,"161,855.033781 ",Colombia
l_157125747,3 Beds,3 Baths,0.021 ac Lot Size,,Residential,"64,230.822099 ",Colombia
l_157128062,4 Beds,5 Baths,0.225 ac Lot Size,,Residential,"385,384.932594 ",Colombia
l_158252144,3 Beds,1 Bath,0.295 ac Lot Size,,Commercial,"459,635.762941 ",Colombia
l_158249121,4 Beds,3 Baths,0.041 ac Lot Size,,Residential,"218,384.795137 ",Colombia
l_157383736,1 Bed,1 Bath,0.007 ac Lot Size,,Residential,"66,800.054983 ",Colombia
l_158275403,,,0.049 ac Lot Size,,Lots And Land,"38,000 ",Colombia
l_158255245,3 Beds,2 Baths,0.017 ac Lot Size,,Residential,"71,938.520751 ",Colombia
l_160312480,3 Beds,2 Baths,0.017 ac Lot Size,,Residential,"96,603.156437 ",Colombia
l_158279748,2 Beds,2 Baths,0.021 ac Lot Size,,Residential,"115,615.479778 ",Colombia
l_158282401,3 Beds,2 Baths,0.014 ac Lot Size,,Residential,"66,800.054983 ",Colombia
l_157128233,5 Beds,5 Baths,0.937 ac Lot Size,,Residential,"230,974.036268 ",Colombia
l_157383311,3 Beds,2 Baths,0.013 ac Lot Size,,Residential,"32,115.411050 ",Colombia
l_157128329,,,366.704 ac Lot Size,,Lots And Land,"381,274.159980 ",Colombia
l_158263526,4 Beds,2 Baths,,,Residential,"57,807.739889 ",Colombia
l_157134487,5 Beds,2 Baths,0.046 ac Lot Size,,Residential,"57,345.277970 ",Colombia
l_158278576,,,2.005 ac Lot Size,,Residential,"385,384.932594 ",Colombia
l_158280695,3 Beds,2 Baths,0.015 ac Lot Size,,Residential,"69,369.287867 ",Colombia
l_158265994,3 Beds,2 Baths,,,Residential,"385,384.932594 ",Colombia
l_157125835,3 Beds,3 Baths,0.025 ac Lot Size,,Residential,"141,307.808618 ",Colombia
l_157128204,,,0.618 ac Lot Size,,Lots And Land,"513,893.176292 ",Colombia
l_160871731,2 Beds,2 Baths,0.013 ac Lot Size,,Residential,"51,389.317629 ",Colombia
l_158246794,4 Beds,5 Baths,0.049 ac Lot Size,,Residential,"202,987.804636 ",Colombia
l_157130792,3 Beds,4 Baths,0.032 ac Lot Size,,Residential,"92,500.771733 ",Colombia
l_158250484,3 Beds,3 Baths,0.048 ac Lot Size,,Residential,"359,725.223405 ",Colombia
l_158276194,3 Beds,3 Baths,0.023 ac Lot Size,,Residential,"174,723.679939 ",Colombia
l_157382866,3 Beds,4 Baths,0.035 ac Lot Size,,Residential,"215,835.134043 ",Colombia
l_158275213,3 Beds,2 Baths,0.021 ac Lot Size,,Residential,"87,361.839970 ",Colombia
l_158272688,3 Beds,3 Baths,0.028 ac Lot Size,,Residential,"164,445.816414 ",Colombia
l_157125530,,,0.457 ac Lot Size,,Lots And Land,"244,099.258739 ",Colombia
l_158284827,3 Beds,2 Baths,0.011 ac Lot Size,,Residential,"59,097.715274 ",Colombia
l_158252647,5 Beds,5 Baths,0.245 ac Lot Size,,Residential,"976,397.034956 ",Colombia
l_157125583,5 Beds,5 Baths,0.088 ac Lot Size,,Residential,"411,114.541034 ",Colombia
l_157130741,5 Beds,2 Baths,0.084 ac Lot Size,,Residential,"64,236.647037 ",Colombia
l_157382944,3 Beds,4 Baths,0.144 ac Lot Size,,Residential,"321,183.235183 ",Colombia
l_157125771,4 Beds,4 Baths,0.03 ac Lot Size,,Residential,"71,945.044681 ",Colombia
l_157382755,3 Beds,2 Baths,0.019 ac Lot Size,,Residential,"127,188.561132 ",Colombia
l_158249122,3 Beds,2 Baths,0.018 ac Lot Size,,Residential,"41,111.454103 ",Colombia
l_157126275,,,30.411 ac Lot Size,,Lots And Land,"5,059,278.320600 ",Colombia
l_157125589,2 Beds,2 Baths,0.013 ac Lot Size,,Residential,"34,173.896223 ",Colombia
l_158263701,7 Beds,4 Baths,0.04 ac Lot Size,,Residential,"244,099.258739 ",Colombia
l_157131707,3 Beds,5 Baths,0.046 ac Lot Size,,Residential,"330,176.365768 ",Colombia
l_157126176,3 Beds,3 Baths,0.041 ac Lot Size,,Residential,"64,240.160570 ",Colombia
l_158265753,3 Beds,2 Baths,,,Residential,"449,681.123992 ",Colombia
l_157383303,3 Beds,4 Baths,0.034 ac Lot Size,,Residential,"115,632.289027 ",Colombia
l_158249178,,,0.136 ac Lot Size,,Residential,"167,024.417483 ",Colombia
l_157125700,2 Beds,1 Bath,0.013 ac Lot Size,,Residential,"35,974.489919 ",Colombia
l_158283267,3 Beds,2 Baths,0.021 ac Lot Size,,Residential,"66,809.766993 ",Colombia
l_158275392,,,0.049 ac Lot Size,,Lots And Land,"38,000 ",Colombia
l_158283783,2 Beds,5 Baths,0.056 ac Lot Size,,Residential,"154,176.385369 ",Colombia
l_160872334,7 Beds,3 Baths,2.471 ac Lot Size,,Residential,"899,362.247985 ",Colombia
l_158265235,3 Beds,2 Baths,0.017 ac Lot Size,,Residential,"57,816.144513 ",Colombia
l_158263570,,,0.352 ac Lot Size,,Lots And Land,"591,009.477247 ",Colombia
l_158273932,2 Beds,2 Baths,0.026 ac Lot Size,,Residential,"199,915.379695 ",Colombia
l_158256421,10 Beds,7 Baths,3.707 ac Lot Size,,Residential,"462,529.156106 ",Colombia
l_145786228,2 Beds,3 Baths,,"('1,291.68 Sqft', ' sqft')",Residential,"177,302.843174 ",Colombia
l_157130714,4 Beds,4 Baths,0.062 ac Lot Size,,Residential,"282,656.706510 ",Colombia
l_156833937,,,2.57 ac Lot Size,,Lots and Land,"203,512.828687 ",Colombia
l_158250229,2 Beds,2 Baths,0.017 ac Lot Size,,Residential,"141,071.392612 ",Colombia
l_158272561,2 Beds,2 Baths,0.016 ac Lot Size,,Residential,"120,780.470742 ",Colombia
l_160311421,3 Beds,2 Baths,0.014 ac Lot Size,,Residential,"43,686.553247 ",Colombia
l_157125531,3 Beds,3 Baths,0.029 ac Lot Size,,Residential,"138,769.051491 ",Colombia
l_158266690,4 Beds,5 Baths,0.127 ac Lot Size,,Residential,"462,563.504968 ",Colombia
l_158267225,2 Beds,1 Bath,0.011 ac Lot Size,,Residential,"46,256.350497 ",Colombia
l_157128347,,,8.275 ac Lot Size,,Lots And Land,"7,195,432.299510 ",Colombia
l_158265412,2 Beds,4 Baths,0.029 ac Lot Size,,Residential,"177,316.010238 ",Colombia
l_157128061,4 Beds,3 Baths,0.022 ac Lot Size,,Residential,"122,065.369367 ",Colombia
l_159897671,,,5.189 ac Lot Size,,Commercial,"2,582,646.236074 ",Colombia
l_157382725,1 Bed,2 Baths,0.014 ac Lot Size,,Residential,"119,495.572117 ",Colombia
l_157130599,5 Beds,4 Baths,0.213 ac Lot Size,,Residential,"251,840.130483 ",Colombia
l_158279456,4 Beds,3 Baths,0.021 ac Lot Size,,Residential,"154,187.834989 ",Colombia
l_158280639,3 Beds,2 Baths,0.017 ac Lot Size,,Residential,"84,803.309244 ",Colombia
l_158284503,3 Beds,2 Baths,0.016 ac Lot Size,,Residential,"88,015.555807 ",Colombia
l_157131878,6 Beds,6 Baths,0.062 ac Lot Size,,Residential,"254,409.927733 ",Colombia
l_157382736,3 Beds,6 Baths,0.075 ac Lot Size,,Residential,"462,563.504968 ",Colombia
l_158250056,3 Beds,4 Baths,0.102 ac Lot Size,,Residential,"359,771.614975 ",Colombia
l_158268785,3 Beds,3 Baths,0.039 ac Lot Size,,Residential,"198,054.274044 ",Colombia
l_159897650,1 Bed,1 Bath,0.006 ac Lot Size,,Residential,"33,407.364248 ",Colombia
l_159472988,3 Beds,2 Baths,0.017 ac Lot Size,,Residential,"93,797.599619 ",Colombia
l_159020877,,,2.471 ac Lot Size,,Commercial,"642,449.312456 ",Colombia
l_157128068,,,2.471 ac Lot Size,,Lots And Land,"159,327.429489 ",Colombia
l_160660663,4 Beds,5 Baths,0.033 ac Lot Size,,Residential,"290,130.109505 ",Colombia
l_157125564,,,2.548 ac Lot Size,,Lots And Land,"436,865.532470 ",Colombia
l_159020877,,,2.471 ac Lot Size,,Commercial,"642,442.035917 ",Colombia
l_157128068,,,2.471 ac Lot Size,,Lots And Land,"159,325.624907 ",Colombia
l_160660663,4 Beds,5 Baths,0.033 ac Lot Size,,Residential,"290,126.823420 ",Colombia
l_157125564,,,2.548 ac Lot Size,,Lots And Land,"436,860.584423 ",Colombia
l_158265667,3 Beds,2 Baths,,,Residential,"141,337.247902 ",Colombia
l_160312446,3 Beds,2 Baths,0.019 ac Lot Size,,Residential,"179,369.816428 ",Colombia
l_158260974,3 Beds,2 Baths,0.025 ac Lot Size,,Residential,"141,337.247902 ",Colombia
l_158275844,2 Beds,2 Baths,0.014 ac Lot Size,,Residential,"58,590.713676 ",Colombia
l_157382895,3 Beds,3 Baths,0.026 ac Lot Size,,Residential,"122,963.405674 ",Colombia
l_157382657,3 Beds,4 Baths,0.061 ac Lot Size,,Residential,"1,017,628.184892 ",Colombia
l_157130754,3 Beds,2 Baths,0.015 ac Lot Size,,Residential,"56,534.899161 ",Colombia
l_157125418,,,0.03 ac Lot Size,,Residential,"164,465.161195 ",Colombia
l_158262906,4 Beds,7 Baths,0.42 ac Lot Size,,Residential,"642,442.035917 ",Colombia
l_157131715,3 Beds,2 Baths,0.021 ac Lot Size,,Residential,"87,372.116885 ",Colombia
l_157131686,4 Beds,4 Baths,0.049 ac Lot Size,,Lots And Land,"128,488.407183 ",Colombia
l_158256225,,,0.355 ac Lot Size,,Lots And Land,"385,465.221550 ",Colombia
l_158261145,3 Beds,4 Baths,0.031 ac Lot Size,,Residential,"107,930.262034 ",Colombia
l_158265949,3 Beds,5 Baths,,,Residential,"334,069.858677 ",Colombia
l_160312131,4 Beds,4 Baths,0.059 ac Lot Size,,Residential,"334,069.858677 ",Colombia
l_158263894,5 Beds,3 Baths,0.032 ac Lot Size,,Residential,"200,441.915206 ",Colombia
l_158278269,2 Beds,2 Baths,0.014 ac Lot Size,,Residential,"69,383.045319 ",Colombia
l_158255880,4 Beds,1 Bath,0.016 ac Lot Size,,Residential,"48,825.105965 ",Colombia
l_158274046,3 Beds,4 Baths,0.04 ac Lot Size,,Residential,"179,368.020862 ",Colombia
l_158258173,3 Beds,2 Baths,0.02 ac Lot Size,,Residential,"120,777.893704 ",Colombia
l_158265667,3 Beds,2 Baths,,,Residential,"141,335.833058 ",Colombia
l_160312446,3 Beds,2 Baths,0.019 ac Lot Size,,Residential,"179,368.020862 ",Colombia
l_158275844,2 Beds,2 Baths,0.014 ac Lot Size,,Residential,"58,590.127158 ",Colombia
l_157382895,3 Beds,3 Baths,0.026 ac Lot Size,,Residential,"122,962.174760 ",Colombia
l_157382657,3 Beds,4 Baths,0.061 ac Lot Size,,Residential,"1,017,617.998016 ",Colombia
l_158249084,3 Beds,4 Baths,0.036 ac Lot Size,,Residential,"205,579.393539 ",Colombia
l_157130754,3 Beds,2 Baths,0.015 ac Lot Size,,Residential,"56,534.333223 ",Colombia
l_157125418,,,0.03 ac Lot Size,,Residential,"164,463.514831 ",Colombia
l_158262906,4 Beds,7 Baths,0.42 ac Lot Size,,Residential,"642,435.604808 ",Colombia
l_157131715,3 Beds,2 Baths,0.021 ac Lot Size,,Residential,"87,371.242254 ",Colombia
l_157131686,4 Beds,4 Baths,0.049 ac Lot Size,,Lots And Land,"128,487.120962 ",Colombia
l_158253231,6 Beds,4 Baths,0.021 ac Lot Size,,Residential,"71,952.787738 ",Colombia
l_158265949,3 Beds,5 Baths,,,Residential,"334,066.514500 ",Colombia
l_158263894,5 Beds,3 Baths,0.032 ac Lot Size,,Residential,"200,439.908700 ",Colombia
l_160312131,4 Beds,4 Baths,0.059 ac Lot Size,,Residential,"334,057.981443 ",Colombia
l_158278269,2 Beds,2 Baths,0.014 ac Lot Size,,Residential,"69,381.273069 ",Colombia
l_158255880,4 Beds,1 Bath,0.016 ac Lot Size,,Residential,"48,823.858826 ",Colombia
l_158274046,3 Beds,4 Baths,0.04 ac Lot Size,,Residential,"179,363.439267 ",Colombia
l_157128080,3 Beds,7 Baths,0.741 ac Lot Size,,Residential,"693,812.730690 ",Colombia
l_158265763,3 Beds,2 Baths,,,Residential,"96,362.879262 ",Colombia
l_158258570,2 Beds,2 Baths,0.021 ac Lot Size,,Residential,"157,264.218956 ",Colombia
l_158264576,5 Beds,6 Baths,0.092 ac Lot Size,,Residential,"578,177.275575 ",Colombia
l_157126764,3 Beds,2 Baths,0.012 ac Lot Size,,Residential,"46,254.182046 ",Colombia
l_157131247,3 Beds,1 Bath,0.013 ac Lot Size,,Residential,"34,690.636534 ",Colombia
l_157125418,,,0.03 ac Lot Size,,Residential,"164,459.313941 ",Colombia
l_157131715,3 Beds,2 Baths,0.021 ac Lot Size,,Residential,"87,369.010531 ",Colombia
l_157131686,4 Beds,4 Baths,0.049 ac Lot Size,,Lots And Land,"128,483.839017 ",Colombia
l_158253231,6 Beds,4 Baths,0.021 ac Lot Size,,Residential,"71,950.949849 ",Colombia
l_160312131,4 Beds,4 Baths,0.059 ac Lot Size,,Residential,"334,057.981443 ",Colombia
l_158274046,3 Beds,4 Baths,0.04 ac Lot Size,,Residential,"179,363.439267 ",Colombia
l_157128080,3 Beds,7 Baths,0.741 ac Lot Size,,Residential,"693,812.730690 ",Colombia
l_158258570,2 Beds,2 Baths,0.021 ac Lot Size,,Residential,"157,264.218956 ",Colombia
l_157126764,3 Beds,2 Baths,0.012 ac Lot Size,,Residential,"46,254.182046 ",Colombia
l_157131247,3 Beds,1 Bath,0.013 ac Lot Size,,Residential,"34,690.636534 ",Colombia
l_160311150,3 Beds,2 Baths,0.022 ac Lot Size,,Residential,"115,635.455115 ",Colombia
l_158269949,2 Beds,1 Bath,0.014 ac Lot Size,,Residential,"43,427.537588 ",Colombia
l_157128290,3 Beds,2 Baths,0.014 ac Lot Size,,Residential,"35,975.474925 ",Colombia
l_160871744,4 Beds,3 Baths,0.04 ac Lot Size,,Residential,"84,799.333751 ",Colombia
l_158265897,3 Beds,1 Bath,,,Residential,"33,919.733500 ",Colombia
l_157383621,,4 Baths,0.035 ac Lot Size,,Commercial,"179,827.471762 ",Colombia
l_158247769,3 Beds,3 Baths,0.026 ac Lot Size,,Residential,"118,172.338586 ",Colombia
l_159472971,3 Beds,3 Baths,0.028 ac Lot Size,,Residential,"115,603.374704 ",Colombia
l_157382636,2 Beds,2 Baths,0.014 ac Lot Size,,Residential,"38,020.665458 ",Colombia
l_158250706,3 Beds,2 Baths,0.017 ac Lot Size,,Residential,"102,758.555292 ",Colombia
l_158247193,1 Bed,2 Baths,0.015 ac Lot Size,,Residential,"84,775.808116 ",Colombia
l_158265557,3 Beds,2 Baths,,,Residential,"146,430.941292 ",Colombia
l_157125821,3 Beds,2 Baths,0.023 ac Lot Size,,Residential,"118,172.338586 ",Colombia
l_157382887,3 Beds,4 Baths,0.041 ac Lot Size,,Residential,"411,034.221169 ",Colombia
